SPECIES,LISTSPE,Family,Genus,sp,Nomenclature,Full Sp Name,Kommentar
ABIE ALB,B4,,,,,Abies alba,
ACER CAM,B4,,,,,Acer campestre,
ACER OBT,B4,,,,,,nicht in B4
ACER PLA,B4,,,,,Acer platanoides,
ACER PSE,B4,,,,,Acer pseudoplatanus,
ACER Z,B4,,,,,ACER SP.,ACER   Z ist korrekt
ACHI MIL,B4,,,,,Achillea millefolium,
ACIALPI,BX_AT,,,,,Acinos alpinus,
ACON NAP,B4,,,,,Aconitum napellus,
ACON VUL,B4,,,,,Aconitum vulparia,
ACONITUZ,B4,,,,,ACONITUM SP.,
ACTA SPI,B4,,,,,Actaea spicata,
ADENOALL,BX_AT,,,,,ADENOSTYLES ALLIARIAE,
ADENOGLA,BX_AT,,,,,Adenostyles glabra,
ADOX MOS,B4,,,,,Adoxa moschatellina,
AEGO POD,B4,,,,,Aegopodium podagraria,
AGRO CAP,B4,,,,,Agrostis capillaris,
AGRO CNA,B4,,,,,Agrostis canina,
AGRO CUR,B4,,,,,,nicht in B4
AGRO GIG,B4,,,,,Agrostis gigantea,
AGRO REP,B4,,,,,Agropyron repens,
AGRO STO,B4,,,,,Agrostis stolonifera,
AGRO TEN,B4,,,,,Agrostis tenuis,
AGROSTIZ,B4,,,,,AGROSTIS SP.,
AJUG PYR,B4,,,,,Ajuga pyramidalis,
AJUG REP,B4,,,,,Ajuga reptans,
ALCH ALI,B4,,,,,Alchemilla alpina,
ALCH/VUL,B4,,,,,Alchemilla vulgaris COLL,
ALLI CAR,B4,,,,,Allium carinatum,
ALLI PET,B4,,,,,Alliaria petiolata,
ALLI SCO,B4,,,,,Allium scorodoprasum,
ALNU GLU,B4,,,,,Alnus glutinosa,
ALNU INC,B4,,,,,Alnus incana,
AMEOVAL,BX_AT,,,,,Amelanchier ovalis,
ANAC PYR,B4,,,,,Anacamptis pyramidalis,
ANDR POL,B4,,,,,Andromeda polifolia,
ANEM NEM,B4,,,,,Anemone nemorosa,
ANGE SYL,B4,,,,,Angelica sylvestris,
ANTE DIO,B4,,,,,Antennaria dioica,
ANTH LIL,B4,,,,,Anthericum liliago,
ANTH ODO,B4,,,,,Anthoxanthum odoratum,
ANTH RAM,B4,,,,,Anthericum ramosum,
ANTH SYL,B4,,,,,Anthriscus sylvestris,
APOS FOE,B4,,,,,Aposeris foetida,
AQUATRA,BX_AT,,,,,Aquilegia atrata,
AQUI VUL,B4,,,,,Aquilegia vulgaris,
AQUILEGZ,B4,,,,,AQUILEGIA SP.,
ARAB ALP,B4,,,,,Arabis alpina,
ARBU UNE,BX_IT,Ericaceae,Arbutus,unedo,L.,Arbutus unedo,
ARCT UVA,B4,,,,,Arctostaphylos uva-ursi,
AREM AGR,BX_IT,Rosaceae,Aremonia,agrimonoides,(L.) DC.,Aremonia agrimonoides,
AREN SER,B4,,,,,Arenaria serpyllifolia,
ARIS PRO,BX_IT,Araceae,Arisarum,proboscideum,(L.) Savi,Arisarum proboscideum,
ARIS ROT,BX_IT,Aristolochiaceae,Aristolochia,rotunda,L.,Aristolochia rotunda,
ARNI MON,B4,,,,,Arnica montana,
ARRH ELA,B4,,,,,Arrhenatherum elatius,
ARUM MAC,B4,,,,,Arum maculatum,
ARUM PRO,BX_IT,,,,,,Art unbekannt
ARUN DIO,B4,,,,,Aruncus dioicus,
AS TR.QU,B4,,,,,Asplenium trichomanes ssp. quadrivalens,
ASAR EUR,B4,,,,,Asarum europaeum,
ASPA ACU,BX_IT,Liliaceae,Asparagus,acutifolius,L.,Asparagus acutifolius,
ASPH ALB,B4,,,,,,nicht in B4
ASPL ONO,BX_IT,Aspleniaceae,Asplenium,onopteris,L.,Asplenium onopteris,
ASPL RUT,B4,,,,,Asplenium ruta-muraria,
ASPL TRI,B4,,,,,Asplenium trichomanes,
ASPL VIR,B4,,,,,Asplenium viride,
ASTBELL,BX_AT,,,,,ASTER BELLIDIASTRUM,
ASTR MAJ,B4,,,,,Astrantia major,
ASTR MIN,BX_IT,Umbelliferae,Astrantia,minor,L.,Astrantia minor,
ATHAMCRE,BX_AT,,,,,Athamanta cretensis,
ATHY DIS,B4,,,,,Athyrium distentifolium,
ATHY FIL,B4,,,,,Athyrium filix-femina,
ATRO BEL,B4,,,,,Atropa bella-donna,
BALL NIG,B4,,,,,Ballota nigra,
BARB VUL,B4,,,,,Barbarea vulgaris,
BE PU.TO,B4,,,,,Betula pubescens ssp. tortuosa,
BELL PER,B4,,,,,Bellis perennis,
BERB VUL,B4,,,,,Berberis vulgaris,
BETO OFF,B4,,,,,Betonica officinalis,
BETOALO,BX_AT,,,,,Betonica alopecuros,
BETU NAN,B4,,,,,Betula nana,
BETU PEN,B4,,,,,Betula pendula,
BETU PUB,B4,,,,,Betula pubescens,
BETULA Z,B4,,,,,BETULA SP.,
BISCULAE,BX_AT,,,,,Biscutella laevigata ssp. austriaca,
BLEC SPI,B4,,,,,Blechnum spicant,
BRAC PIN,B4,,,,,Brachypodium pinnatum,
BRAC RUP,B4,,,,,Brachypodium rupestre,nicht in B4
BRAC SYL,B4,,,,,Brachypodium sylvaticum,
BROM BEN,B4,,,,,Bromus benekeni,
BROM RAM,B4,,,,,Bromus ramosus,
BUGL PUR,BX_IT,Boraginaceae,Buglossoides,purpurocaerulea,(L.) I.M. Johnston,Buglossoides purpurocaerulea,
BUPHSALI,BX_AT,,,,,BUPHTHALMUM SALICIFOLIUM,
C BRIZOI,B4,,,,,Carex brizoides,
C CANESC,B4,,,,,Carex canescens,
C CARYO,B4,,,,,Carex caryophyllea,"""C CARYOP"" in B4"
C DEMISS,B4,,,,,Carex demissa,
C DIGITA,B4,,,,,Carex digitata,
C DISTAN,B4,,,,,Carex distans,
C DISTIC,B4,,,,,Carex disticha,
C ECHINA,B4,,,,,Carex echinata,
C FLACCA,B4,,,,,Carex flacca,
C FLAVA,B4,,,,,Carex flava,
C GLOBUL,B4,,,,,Carex globularis,
C HIRTA,B4,,,,,Carex hirta,
C LASIOC,B4,,,,,Carex lasiocarpa,
C LEPIDO,B4,,,,,Carex lepidocarpa,
C LEPORI,B4,,,,,Carex leporina,
C LIMOSA,B4,,,,,Carex limosa,
C MAGELL,B4,,,,,Carex magellanica,
C MICHEL,BX_AT,,,,,CAREX MICHELII,
C MONTAN,B4,,,,,Carex montana,
C MURICA,B4,,,,,Carex muricata,
C NIGRA,B4,,,,,Carex nigra,
C OLBIE,BX_IT,Cyperaceae,Carex,olbiensis,Jordan,Carex olbiensis,
C ORNITH,B4,,,,,Carex ornithopoda,
C OVALIS,B4,,,,,Carex ovalis,
C PALLES,B4,,,,,Carex pallescens,
C PANICE,B4,,,,,Carex panicea,
C PAUCIF,B4,,,,,Carex pauciflora,
C PENDUL,B4,,,,,Carex pendula,
C PILULI,B4,,,,,Carex pilulifera,
C PRAECO,B4,,,,,Carex praecox,
C REMOTA,B4,,,,,Carex remota,
C ROSTRA,B4,,,,,Carex rostrata,
C SPICAT,B4,,,,,Carex spicata,
C SYLVAT,B4,,,,,Carex sylvatica,
C TUMIDI,B4,,,,,Carex tumidicarpa,
C VAGINA,B4,,,,,Carex vaginata,
CALA ARU,B4,,,,,Calamagrostis arundinacea,
CALA CAN,B4,,,,,Calamagrostis canescens,
CALA EPI,B4,,,,,Calamagrostis epigeios,
CALA LAP,B4,,,,,Calamagrostis lapponica,
CALA PUR,B4,,,,,Calamagrostis purpurea,
CALA VAR,B4,,,,,Calamagrostis varia,
CALA VIL,BX_IT,Poaceae,Calamagrostis,villosa,(Chaix) J.F. Gmelin,Calamagrostis villosa,
CALAMAGZ,B4,,,,,CALAMAGROSTIS SP.,
CALL PST,B4,,,,,Calla palustris,
CALL VUL,B4,,,,,Calluna vulgaris,
CALT PAL,B4,,,,,Caltha palustris,
CALYCSTI,BX_AT,,,,,Calycocorsus stipitatus,
CAMCESP,BX_AT,,,,,Campanula cespitosa,
CAMP BAR,B4,,,,,Campanula barbata,
CAMP GLO,B4,,,,,Campanula glomerata,
CAMP PAT,B4,,,,,Campanula patula,
CAMP PER,B4,,,,,Campanula persicifolia,
CAMP RAU,B4,,,,,Campanula rapunculus,
CAMP ROI,B4,,,,,Campanula rapunculoides,
CAMP ROT,B4,,,,,Campanula rotundifolia,
CAMP SCH,B4,,,,,Campanula scheuchzeri,nicht in B4
CAMP TRA,B4,,,,,Campanula trachelium,
CARALBA,BX_AT,,,,,CAREX ALBA,
CARBIBI,BX_AT,,,,,Carlina biebersteinii ssp. biebersteinii,
CARBRAC,BX_AT,,,,,Carex brachystachys,
CARD ACA,B4,,,,,Carduus acanthoides,
CARD AMA,B4,,,,,Cardamine amara,
CARD BUL,B4,,,,,Cardamine bulbifera,
CARD CHE,BX_IT,Cruciferae,Cardamine,chelidonia,L.,Cardamine chelidonia,
CARD CRI,B4,,,,,Carduus crispus,
CARD FLE,B4,,,,,Cardamine flexuosa,
CARD HEP,BX_IT,Cruciferae,Cardamine,heptaphylla,(Vill.) O.E. Schulz,Cardamine heptaphylla,
CARD PRA,B4,,,,,Cardamine pratensis,
CARDEDE,BX_AT,,,,,Carduus defloratus ssp. defloratus,
CARE PIL,B4,,,,,Carex pilosa,nicht in B4
CAREX  Z,B4,,,,,CAREX SP.,
CARFERR,BX_AT,,,,,Carex ferruginea,
CARFIRM,BX_AT,,,,,Carex firma,
CARFLAE,BX_AT,,,,,Carex flavella,
CARHUMI,BX_AT,,,,,Carex humilis,
CARL ACA,B4,,,,,Carlina acaulis,
CARP BET,B4,,,,,Carpinus betulus,
CARTRIF,BX_AT,,,,,CARDAMINE TRIFOLIA,
CARUMBR,BX_AT,,,,,Carex umbrosa,
CAST SAT,B4,,,,,Castanea sativa,
CE ER;ER,B4,,,,,Centaurium erythraea var. erythraea,
CENT MON,B4,,,,,Centaurea montana,
CEPH LON,B4,,,,,Cephalanthera longifolia,
CEPH RUB,B4,,,,,Cephalanthera rubra,
CEPHLERZ,B4,,,,,CEPHALANTHERA SP.,
CERA HOL,B4,,,,,Cerastium holosteoides,
CHAE AUR,B4,,,,,Chaerophyllum aureum,
CHAE HIR,B4,,,,,Chaerophyllum hirsutum,
CHAM ANG,B4,,,,,Chamaenerion angustifolium,
CHAM CAL,B4,,,,,Chamaedaphne calyculata,
CHAMSUPI,BX_AT,,,,,CHAMAECYTISUS SUPINUS,
CHLORSTA,BX_AT,,,,,Chlorocrepis staticifolia,
CHRY ALT,B4,,,,,Chrysosplenium alternifolium,
CHRY OPP,B4,,,,,Chrysosplenium oppositifolium,
CICE ALP,B4,,,,,Cicerbita alpina,
CICH INT,B4,,,,,Cichorium intybus,
CIRC ALP,B4,,,,,Circaea alpina,
CIRC LUT,B4,,,,,Circaea lutetiana,
CIRERER,BX_AT,,,,,Cirsium eriophorum ssp. eriophorum,
CIRERIS,BX_AT,,,,,Cirsium erisithales,
CIRS ACA,B4,,,,,Cirsium acaule,
CIRS ARV,B4,,,,,Cirsium arvense,
CIRS HEL,B4,,,,,Cirsium helenioides,
CIRS PAL,B4,,,,,Cirsium palustre,
CIRS VUL,B4,,,,,Cirsium vulgare,
CIRSIUMZ,B4,,,,,CIRSIUM SP.,
CLEM ALP,B4,,,,,Clematis alpina,
CLEM VIT,B4,,,,,Clematis vitalba,
CLIN VUL,B4,,,,,Clinopodium vulgare,
COLC AUT,B4,,,,,Colchicum autumnale,
COLU ARB,B4,,,,,Colutea arborescens,
CONO MAJ,B4,,,,,Conopodium majus,
CONV MAJ,B4,,,,,Convallaria majalis,
CORA TRI,B4,,,,,Corallorhiza trifida,
CORN MAS,B4,,,,,Cornus mas,
CORN SAN,B4,,,,,Cornus sanguinea,
CORN SUE,B4,,,,,Cornus suecica,
CORO EME,B4,,,,,Coronilla emerus,
CORY AVE,B4,,,,,Corylus avellana,
CORY CAV,B4,,,,,Corydalis cava,
COTO INT,B4,,,,,Cotoneaster integerrimus,
COTO TOM,B4,,,,,Cotoneaster tomentosus,
CRASSULZ,B4,,,,,CRASSULA SP.,
CRAT LAE,B4,,,,,Crataegus laevigata,
CRAT MON,B4,,,,,Crataegus monogyna,
CRAT OXY,BX_IT,,,,,Crataegus oxy,Art unbekannt
CREP LEO,BX_IT,Compositae,Crepis,leontodontoides,All.,Crepis leontodontoides,
CREP PAL,B4,,,,,Crepis paludosa,
CRUC GLA,BX_IT,Rubiaceae,Cruciata,glabra,(L.) Ehrend.,Cruciata glabra,
CRUC LAE,B4,,,,,Cruciata laevipes,
CYCL HER,BX_IT,,,,,,Art unbekannt
CYCL REP,BX_IT,Primulaceae,Cyclamen,repandum,Sibth. & Sm.,Cyclamen repandum,
CYCPURP,BX_AT,,,,,Cyclamen purpurascens,
CYST FRA,B4,,,,,Cystopteris fragilis,
CYTI SCO,B4,,,,,Cytisus scoparius,
CYTI SES,BX_IT,Leguminosae,Cytisus,sessilifolius,L.,Cytisus sessilifolius,
DABO CAN,B4,,,,,,Art unbekannt
DACT FUC,B4,,,,,Dactylorhiza fuchsii,
DACT GLO,B4,,,,,Dactylis glomerata,
DACT MAC,B4,,,,,Dactylorhiza maculata,
DACT MAJ,B4,,,,,Dactylorhiza majalis,
DACTYLIZ,B4,,,,,DACTYLIS SP.,
DANT DEC,B4,,,,,Danthonia decumbens,
DAPH LAU,B4,,,,,Daphne laureola,
DAPH MEZ,B4,,,,,Daphne mezereum,
DENENNE,BX_AT,,,,,Dentaria enneaphyllos,
DENGLAN,BX_PO,,,,,Cardamine glandulifera,
DENT BUL,B4,,,,,Dentaria bulbifera,
DESC CES,B4,,,,,Deschampsia cespitosa,
DESC FLE,B4,,,,,Deschampsia flexuosa,
DIANTALP,BX_AT,,,,,Dianthus alpinus,
DIGI GRA,B4,,,,,Digitalis grandiflora,
DIGI LUT,B4,,,,,Digitalis lutea,
DIGI MIC,BX_IT,,,,,,Art unbekannt
DIGI PUR,B4,,,,,Digitalis purpurea,
DORO AUS,B4,,,,,Doronicum austriacum,
DRCAR*AS,BX_AT,,,,,DRYOPTERIS X SARVELAE (D. CART X ASSI),
DROS ANG,B4,,,,,Drosera anglica,
DROS ROT,B4,,,,,Drosera rotundifolia,
DRYO AFF,B4,,,,,Dryopteris affinis,
DRYO ASS,B4,,,,,Dryopteris assimilis,
DRYO BOR,B4,,,,,Dryopteris borreri,
DRYO CAR,B4,,,,,Dryopteris carthusiana,
DRYO DIL,B4,,,,,Dryopteris dilatata,
DRYO EXP,B4,,,,,Dryopteris expansa,
DRYO FIL,B4,,,,,Dryopteris filix-mas,
DRYO PSE,B4,,,,,Dryopteris pseudomas,
ELYM CAI,B4,,,,,Elymus caninus,
EMPE HER,B4,,,,,Empetrum hermaphroditum,
EMPE NIG,B4,,,,,Empetrum nigrum,
EPIL ANG,B4,,,,,Epilobium angustifolium,
EPIL MON,B4,,,,,Epilobium montanum,
EPIL PAR,B4,,,,,Epilobium parviflorum,
EPILOBIZ,B4,,,,,EPILOBIUM SP.,
EPIP ATR,B4,,,,,Epipactis atrorubens,
EPIP HEL,B4,,,,,Epipactis helleborine,
EPIP MIC,B4,,,,,,nicht in B4
EPIP MUE,BX_IT,Orchidaceae,Epipactis,muelleri,Godfery,Epipactis muelleri,
EPIPACTZ,B4,,,,,EPIPACTIS SP.,
EQUI ARV,B4,,,,,Equisetum arvense,
EQUI PAL,B4,,,,,Equisetum palustre,
EQUI SYL,B4,,,,,Equisetum sylvaticum,
ERIC ARB,BX_IT,Ericaceae,Erica,arborea,L.,Erica arborea,
ERIC CIN,B4,,,,,Erica cinerea,
ERIC VAG,B4,,,,,Erica vagans,nicht in B4
ERIHERB,BX_AT,,,,,Erica herbacea,
ERIO ANG,B4,,,,,Eriophorum angustifolium,
ERIO VAG,B4,,,,,Eriophorum vaginatum,
EUON EUR,B4,,,,,Euonymus europaeus,
EUONYVER,BX_AT,,,,,Euonymus verrucosus,
EUPA CAN,B4,,,,,Eupatorium cannabinum,
EUPH AMY,BX_AT,Euphorbiaceae,Euphorbia,amygdaloides,L.,Euphorbia amygdaloides,
EUPH COR,BX_IT,Euphorbiaceae,Euphorbia,corallioides,L.,Euphorbia corallioides,
EUPH CYP,B4,,,,,Euphorbia cyparissias,
EUPH DUL,B4,,,,,Euphorbia dulcis,
EUPH ROS,B4,,,,,Euphrasia rostkoviana,
EUPH SAL,B4,,,,,Euphrasia salisburgensis,
FAGU SYL,B4,,,,,Fagus sylvatica,
FE RU.RU,B4,,,,,Festuca rubra ssp. rubra,
FESAMAM,BX_AT,,,,,Festuca amethystina ssp. amethystina,
FEST ALT,B4,,,,,Festuca altissima,
FEST DRY,BX_IT,Gramineae,Festuca,drymeja,Mert. & Koch,Festuca drymeja,
FEST GIG,B4,,,,,Festuca gigantea,
FEST HET,B4,,,,,Festuca heterophylla,
FEST PRA,B4,,,,,Festuca pratensis,
FEST RUB,B4,,,,,Festuca rubra,
FESTGUEST,BX_AT,,,,,FESTUCA GUESTPHALICA,
FESTRUPI,BX_AT,,,,,FESTUCA RUPICOLA,
FESTUCAZ,B4,,,,,FESTUCA SP.,
FILI ULM,B4,,,,,Filipendula ulmaria,
FISS DUB,BX_AT,,,,,FISSIDENS DUBIUS,
FRAG MOS,B4,,,,,Fragaria moschata,
FRAG VES,B4,,,,,Fragaria vesca,
FRAG VRD,B4,,,,,Fragaria viridis,
FRAN ALN,B4,,,,,Frangula alnus,
FRAX EXC,B4,,,,,Fraxinus excelsior,
FRAX ORN,BX_IT,Oleaceae,Fraxinus,ornus,L.,Fraxinus ornus,
GALE LUT,B4,,,,,Galeobdolon luteum,
GALE SPE,BX_IT,,,,,Galeopsis speciosa,
GALE TET,B4,,,,,Galeopsis tetrahit,
GALEOPSZ,B4,,,,,GALEOPSIS SP.,
GALEPUBE,BX_AT,,,,,GALEOPSIS PUBESCENS,
GALI ALB,B4,,,,,Galium album,
GALI APA,B4,,,,,Galium aparine,
GALI MOL,B4,,,,,Galium mollugo,
GALI ODO,B4,,,,,Galium odoratum,
GALI PAL,B4,,,,,Galium palustre,
GALI ROT,B4,,,,,Galium rotundifolium,
GALI SAX,B4,,,,,Galium saxatile,
GALI SYL,B4,,,,,Galium sylvaticum,
GALI VER,B4,,,,,Galium verum,
GALIUM Z,B4,,,,,GALIUM SP.,
GALLUCI,BX_AT,,,,,Galium lucidum,
GALTRUN,BX_AT,,,,,Galium truniacum,
GENASCL,BX_AT,,,,,Gentiana asclepiadea,
GENCLUS,BX_AT,,,,,Gentiana clusii,
GENI GER,B4,,,,,Genista germanica,
GENI PIL,B4,,,,,Genista pilosa,
GENI TIN,B4,,,,,Genista tinctoria,
GENT PUR,B4,,,,,Gentiana purpurea,
GENTCILI,BX_AT,,,,,GENTIANELLA CILIATA,
GENTIAAZ,B4,,,,,GENTIANA SP.,
GERA NOD,BX_IT,Geraniaceae,Geranium,nodosum,L.,Geranium nodosum,
GERA PHA,BX_IT,,,,,Geranium pha,Art unbekannt
GERA ROB,B4,,,,,Geranium robertianum,
GERA SYL,B4,,,,,Geranium sylvaticum,
GERA VER,BX_IT,Geraniaceae,Geranium,versicolor,L.,Geranium versicolor,
GEUM RIV,B4,,,,,Geum rivale,
GEUM URB,B4,,,,,Geum urbanum,
GOOD REP,B4,,,,,Goodyera repens,
GROD DIK,B4,,,,,,unbekannt
GYMN CON,B4,,,,,Gymnadenia conopsea,
GYMN DRY,B4,,,,,Gymnocarpium dryopteris,
GYMN ROB,B4,,,,,Gymnocarpium robertianum,
HE SP.SP,B4,,,,,Heracleum sphondylium ssp. sphondylium,
HEDE HEL,B4,,,,,Hedera helix,
HELL BOC,BX_IT,Ranunculaceae,Helleborus,bocconei,Ten.,Helleborus bocconei,
HELL FOE,B4,,,,,Helleborus foetidus,
HELL NIG,B4,,,,,Helleborus niger,
HELL VIR,B4,,,,,Helleborus viridis,
HEPA NOB,B4,,,,,Hepatica nobilis,
HERA SPH,B4,,,,,Heracleum sphondylium,
HERAUAU,BX_AT,,,,,Heracleum austriacum ssp. austriacum,
HIEBIFI,BX_AT,,,,,Hieracium bifidum,
HIEPORR,BX_AT,,,,,Hieracium porrifolium,
HIER MUR,B4,,,,,Hieracium murorum,
HIER PRE,BX_IT,Compositae,Hieracium,prenanthoides group,,Hieracium prenanthoides group,
HIER RAC,BX_IT,Compositae,Hieracium,racemosum group,,Hieracium racemosum group,
HIER SYL,B4,,,,,Hieracium sylvaticum,
HIER UMB,B4,,,,,Hieracium umbellatum,
HIER VTM,B4,,,,,Hieracium vulgatum,
HIER/GLAI,BX_AT,,,,,HIERACIUM GLAUCINUM,
HIER/MAC,BX_AT,,,,,HIERACIUM MACULATUM,
HIER/PLA,BX_AT,,,,,HIERACIUM PLATYPHYLLUM (H. RAC - SAB),
HIER/RAC,BX_AT,,,,,HIERACIUM RACEMOSUM,
HIER/SAB,BX_AT,,,,,HIERACIUM SABAUDUM,
HIER/SIL,B4,,,,,Hieracium silvaticiformia,
HIER/VUL,B4,,,,,Hieracium vulgatiformia,
HIERACIZ,B4,,,,,HIERACIUM SP.,
HOLC LAN,B4,,,,,Holcus lanatus,
HOLC MOL,B4,,,,,Holcus mollis,
HOMOALPI,B4,,,,,HOMOGYNE ALPINA,Code in B4 anders
HORD EUR,B4,,,,,Hordelymus europaeus,
HORM PYR,B4,,,,,Horminium pyrenaicum,nicht in B4
HUPE SEL,B4,,,,,Huperzia selago,
HYPE AND,B4,,,,,Hypericum androsaemum,nicht in B4
HYPE HIR,B4,,,,,Hypericum hirsutum,
HYPE MAC,B4,,,,,Hypericum maculatum,
HYPE MON,B4,,,,,Hypericum montanum,
HYPE PER,B4,,,,,Hypericum perforatum,
HYPE PUL,B4,,,,,Hypericum pulchrum,
HYPERICZ,B4,,,,,HYPERICUM SP.,
HYPMAMA,BX_AT,,,,,Hypericum maculatum ssp. maculatum,
HYPPEPE,BX_AT,,,,,Hypericum perforatum ssp. perforatum,
ILEX AQU,B4,,,,,Ilex aquifolium,
IMPA NOL,B4,,,,,Impatiens noli-tangere,
INUL CON,B4,,,,,Inula conyza,
JU CO.CO,B4,,,,,Juniperus communis ssp. communis,
JUGL REG,B4,,,,,Juglans regia,
JUNC ART,B4,,,,,Juncus articulatus,
JUNC EFF,B4,,,,,Juncus effusus,
JUNC FIL,B4,,,,,Juncus filiformis,
JUNC INF,B4,,,,,Juncus inflexus,
JUNC TRI,B4,,,,,Juncus trifidus,"""JUNC TFI"" in B4"
JUNI COM,B4,,,,,Juniperus communis,
KERSAXA,BX_AT,,,,,Kernera saxatilis,
KNADIPS,BX_AT,,,,,Knautia dipsacifolia,
KNAUDRYM,BX_AT,,,,,KNAUTIA DRYMEIA SSP. INTERMEDIA,
LABU ALP,B4,,,,,Laburnum alpinum,
LABU ANA,B4,,,,,Laburnum anagyroides,
LACT ALP,B4,,,,,Lactuca alpina,
LAMI FLE,BX_IT,Labiatae,Lamium,flexuosum,Ten.,Lamium flexuosum,
LAMI GAL,B4,,,,,Lamiastrum galeobdolon,
LAMI MAC,B4,,,,,Lamium maculatum,
LARI DEC,B4,,,,,Larix decidua,
LARI EUR,B4,,,,,Larix * eurolepis,
LASE LAT,B4,,,,,Laserpitium latifolium,
LATH CLA,B4,,,,,,unbekannt
LATH LAT,B4,,,,,Lathyrus latifolius,
LATH LIN,B4,,,,,Lathyrus linifolius,
LATH NIG,B4,,,,,Lathyrus niger,
LATH PRA,B4,,,,,Lathyrus pratensis,
LATH SYL,B4,,,,,Lathyrus sylvestris,
LATH VEN,BX_IT,Leguminosae,Lathyrus,venetus,(Miller) Wohlf.,Lathyrus venetus,
LATH VER,B4,,,,,Lathyrus vernus,
LAUR NOB,BX_IT,Lauraceae,Laurus,nobilis,L.,Laurus nobilis,
LEDU PAL,B4,,,,,Ledum palustre,
LEOINCA,BX_AT,,,,,Leontodon incanus,
LEON HIS,B4,,,,,Leontodon hispidus,
LEUC ALB,B4,,,,,Leucorchis albida,
LEUC VUL,B4,,,,,Leucanthemum vulgare,
LIGU VUL,B4,,,,,Ligustrum vulgare,
LILI BUL,B4,,,,,Lilium bulbiferum,
LILI MAR,B4,,,,,Lilium martagon,
LINA VUL,B4,,,,,Linaria vulgaris,
LINARALP,BX_AT,,,,,Linaria alpina,
LINN BOR,B4,,,,,Linnaea borealis,
LINU CAT,B4,,,,,Linum catharticum,
LIST COR,B4,,,,,Listera cordata,
LIST OVA,B4,,,,,Listera ovata,
LOIS PRO,B4,,,,,Loiseleuria procumbens,
LONALPI,BX_AT,,,,,Lonicera alpigena,
LONI CAP,B4,,,,,Lonicera caprifolium,
LONI NIG,BX_IT,Caprifoliaceae,Lonicera,nigra,L.,Lonicera nigra,
LONI PER,B4,,,,,Lonicera periclymenum,
LONI XYL,B4,,,,,Lonicera xylosteum,
LORO HIR,BX_IT,,,,,,Art unbekannt
LOTU COR,B4,,,,,Lotus corniculatus,
LUZLUZI,BX_AT,Juncaceae,Luzula,luzulina,(Vill.) Dalla Torre & Sarnth.,Luzula luzulina,
LUZU CAM,B4,,,,,Luzula campestris,
LUZU FOR,BX_IT,Juncaceae,Luzula,forsteri,(Sm.) DC.,Luzula forsteri,
LUZU LUZ,B4,,,,,Luzula luzuloides,
LUZU MUL,B4,,,,,Luzula multiflora,
LUZU NIV,BX_IT,Juncaceae,Luzula,nivea,(L.) DC.,Luzula nivea,
LUZU PIL,B4,,,,,Luzula pilosa,
LUZU SIE,BX_IT,Juncaceae,Luzula,sieberi,Tausch,Luzula sieberi,
LUZU SYL,B4,,,,,Luzula sylvatica,
LYCH FLC,B4,,,,,Lychnis flos-cuculi,
LYCO ANN,B4,,,,,Lycopodium annotinum,
LYCO CLA,B4,,,,,Lycopodium clavatum,
LYCO COM,B4,,,,,Lycopodium complanatum,
LYCO SEL,B4,,,,,Lycopodium selago,
LYSI NEM,B4,,,,,Lysimachia nemorum,
LYSI PUN,B4,,,,,Lysimachia punctata,
LYSI THY,B4,,,,,Lysimachia thyrsiflora,
MAIABIFO,BX_AT,,,,,MAIANTHEMUM BIFOLIUM,
MAJA BIF,B4,,,,,Majanthemum bifolium,
MALU SYL,B4,,,,,Malus sylvestris,
MATT STR,B4,,,,,Matteuccia struthiopteris,
MELA ARV,B4,,,,,Melampyrum arvense,
MELA CRI,B4,,,,,Melampyrum cristatum,
MELA PRA,B4,,,,,Melampyrum pratense,
MELA SYL,B4,,,,,Melampyrum sylvaticum,
MELAMPYZ,B4,,,,,MELAMPYRUM SP.,
MELI MEL,BX_IT,Labiatae,Melittis,melissophyllum,L.,Melittis melissophyllum,
MELI NUT,B4,,,,,Melica nutans,
MELI UNI,B4,,,,,Melica uniflora,
MELMECA,BX_AT,,,,,Melitis melissophyllum ssp. carpatica,
MENT LON,B4,,,,,Mentha longifolia,
MENY TRI,B4,,,,,Menyanthes trifoliata,
MERC PER,B4,,,,,Mercurialis perennis,
MESP GER,BX_IT,Rosaceae,Mespilus,germanica,L.,Mespilus germanica,
MILI EFF,B4,,,,,Milium effusum,
MOEH TRI,B4,,,,,Moehringia trinervia,
MOEMUSC,BX_AT,,,,,Moehringia muscosa,
MOLI CAE,B4,,,,,Molinia caerulea,
MONO HYS,B4,,,,,Monotropa hypopitys,
MYCE MUR,B4,,,,,Mycelis muralis,
MYOS ARV,B4,,,,,Myosotis arvensis,
MYOS NEM,B4,,,,,Myosotis nemorosa,
MYOS PAL,B4,,,,,Myosotis palustris,
MYOS SCO,B4,,,,,Myosotis scorpioides,
MYOS SYL,B4,,,,,Myosotis sylvatica,
MYRT COM,BX_IT,Myrtaceae,Myrtus,communis,L.,Myrtus communis,
NARD STR,B4,,,,,Nardus stricta,
NEOT NID,B4,,,,,Neottia nidus-avis,
OENA PIM,B4,,,,,,"Art unbekannt, vielleicht Oenanthe pimpinelloides"
OENA PIN,B4,,,,,,"Art unbekannt, vielleicht Oenanthe pimpinelloides"
ORCH LAT,B4,,,,,,Art unbekannt
ORIG VUL,B4,,,,,Origanum vulgare,
OROB RET,B4,,,,,Orobanche reticulata,
OROBANCZ,B4,,,,,OROBANCHE SP.,
OROFLAV,BX_AT,,,,,Orobanche flava,
ORTH SEC,B4,,,,,Orthilia secunda,
OSTR CAR,BX_IT,Corylaceae,Ostrya,carpinifolia,Scop.,Ostrya carpinifolia,
OXAL ACE,B4,,,,,Oxalis acetosella,
PARI QUA,B4,,,,,Paris quadrifolia,
PELT SPE,BX_AT,,,,,PELTIGERA SP.,
PETA ALB,B4,,,,,Petasites albus,
PETA HYB,B4,,,,,Petasites hybridus,
PETPARA,BX_AT,,,,,Petasites paradoxus,
PEUAUST,BX_AT,,,,,Peucedanum austriacum,
PEUC OST,B4,,,,,Peucedanum ostruthium,
PEUCCERV,BX_AT,,,,,PEUCEDANUM CERVARIA,
PH SP.SP,B4,,,,,Phyteuma spicatum ssp. spicatum,
PHEG POL,BX_IT,,,,,,Art unbekannt
PHIL LAT,BX_IT,Oleaceae,Phillyrea,latifolia,L.,Phillyrea latifolia,
PHLE ALP,B4,,,,,Phleum alpinum,
PHLE PRA,B4,,,,,Phleum pratense,
PHYL CAE,B4,,,,,Phyllodoce caerulea,
PHYORBI,BX_AT,,,,,Phyteuma orbiculare,
PHYS COR,BX_IT,Umbelliferae,Physospermum,cornubiense,(L.) DC.,Physospermum cornubiense,
PHYT BET,BX_IT,Campanulaceae,Phyteuma,betonicifolium,Vill.,Phyteuma betonicifolium,
PHYT OVA,BX_IT,Campanulaceae,Phyteuma,ovatum,Honckeny,Phyteuma ovatum,
PHYT SPI,B4,,,,,Phyteuma spicatum,
PICE ABI,B4,,,,,Picea abies,
PIMP MAJ,B4,,,,,Pimpinella major,
PING ALP,B4,,,,,Pinguicula alpina,
PING VIL,B4,,,,,Pinguicula villosa,
PINU CEM,B4,,,,,Pinus cembra,
PINU PIN,BX_IT,Pinaceae,Pinus,pinaster,Aiton,Pinus pinaster,
PINU STR,B4,,,,,Pinus strobus,
PINU SYL,B4,,,,,Pinus sylvestris,
PLAT BIF,B4,,,,,Platanthera bifolia,
PLAT CHL,B4,,,,,Platanthera chlorantha,
PLATANT Z,B4,,,,,Platanthera sp.,Code anders in B4
POA    Z,B4,,,,,POA SP.,
POA  ANG,B4,,,,,Poa angustifolia,
POA  ANN,B4,,,,,Poa annua,
POA  NEM,B4,,,,,Poa nemoralis,
POA  PRA,B4,,,,,Poa pratensis,
POLAMBR,BX_AT,,,,,Polygala amara ssp. brachyptera,
POLCHAM,BX_AT,,,,,POLYGALA CHAMAEBUXUS,
POLY ACU,B4,,,,,Polystichum aculeatum,
POLY AM,BX_AT,,,,,Polygala amara,
POLY BIS,B4,,,,,Polygonum bistorta,
POLY LON,B4,,,,,Polystichum lonchitis,
POLY MUL,B4,,,,,Polygonatum multiflorum,
POLY ODO,B4,,,,,Polygonatum odoratum,
POLY SET,BX_IT,Dryopteridaceae,Polystichum,setiferum,(ForskÜl) Woynar,Polystichum setiferum,
POLY VER,B4,,,,,Polygonatum verticillatum,
POLY VIV,B4,,,,,Polygonum viviparum,
POLY VUE,B4,,,,,Polypodium vulgare,
POLYGALZ,B4,,,,,POLYGALA SP.,
POLYPODZ,B4,,,,,POLYPODIUM SP.,
POLYTUMZ,B4,,,,,POLYGONATUM SP.,
POPU TRA,B4,,,,,Populus tremula,
POPULUSZ,B4,,,,,POPULUS SP.,
POTE ERE,B4,,,,,Potentilla erecta,
POTE MIC,B4,,,,,Potentilla micrantha,
POTE PAL,B4,,,,,Potentilla palustris,
POTE STE,B4,,,,,Potentilla sterilis,
PREN PUR,B4,,,,,Prenanthes purpurea,
PRIAUBO,BX_AT,,,,,Primula auricula ssp. balbisii var. obristii,
PRICLUS,BX_AT,,,,,Primula clusiana,
PRIM ACA,B4,,,,,,Art unbekannt
PRIM ELA,B4,,,,,Primula elatior,
PRIM VER,B4,,,,,Primula veris,
PRIM VUL,B4,,,,,Primula vulgaris,
PRUN AVI,B4,,,,,Prunus avium,
PRUN PAD,B4,,,,,Prunus padus,
PRUN SPI,B4,,,,,Prunus spinosa,
PRUN VUL,B4,,,,,Prunella vulgaris,
PRUNUS Z,B4,,,,,PRUNUS SP.,
PTER AQU,B4,,,,,Pteridium aquilinum,
PULKERN,BX_AT,,,,,Pulmonaria kerneri,
PULM APE,BX_IT,,,,,,Art unbekannt
PULM OFF,B4,,,,,Pulmonaria officinalis,
PULS MON,BX_IT,Ranunculaceae,Pulsatilla,montana,(Hoppe) Reichenb.,Pulsatilla montana,
PYRO CHL,B4,,,,,Pyrola chlorantha,
PYRO MIN,B4,,,,,Pyrola minor,
PYRO ROT,B4,,,,,Pyrola rotundifolia,
PYROLA Z,B4,,,,,PYROLA SP.,
PYRU COM,B4,,,,,Pyrus communis,
PYRU PYR,B4,,,,,Pyrus pyraster,
PYRUS Z,B4,,,,,Pyrus sp.,Code anders in B4
QUER CER,B4,,,,,Quercus cerris,
QUER ILE,BX_IT,Fagaceae,Quercus,ilex,L.,Quercus ilex,
QUER PET,B4,,,,,Quercus petraea,
QUER PUB,B4,,,,,Quercus pubescens,
QUER PYR,B4,,,,,,"Art unbekannt, viell. Quercus pyrenaica"
QUER ROB,B4,,,,,Quercus robur,
QUER RUB,B4,,,,,Quercus rubra,
RANU ACR,B4,,,,,Ranunculus acris,
RANU FIC,B4,,,,,Ranunculus ficaria,
RANU LAN,B4,,,,,Ranunculus lanuginosus,
RANU MON,B4,,,,,Ranunculus monophyllus,
RANU NEM,B4,,,,,Ranunculus nemorosus,
RANU RNS,B4,,,,,Ranunculus repens,
RANU SER,B4,,,,,,Art unbekannt; nicht in B4
RANU TUB,B4,,,,,,Art unbekannt; nicht in B4
RANUNCUZ,B4,,,,,RANUNCULUS SP.,
REIC*RIV,B4,,,,,Viola reichenbachiana * riviniana,
RHAM CAT,B4,,,,,Rhamnus catharticus,
RHIN MIN,B4,,,,,Rhinanthus minor,
RHOCHAM,BX_AT,,,,,Rhodothamnus chamaecistus,
RHOD FER,BX_IT,Ericaceae,Rhododendron,ferrugineum,L.,Rhododendron ferrugineum,
RHOHIRS,BX_AT,,,,,Rhododendron hirsutum,
RIBE UVA,B4,,,,,Ribes uva-crispa,
ROBI PSE,B4,,,,,Robinia pseudacacia,
ROSA   Z,B4,,,,,ROSA SP.,
ROSA CAN,B4,,,,,Rosa canina,
ROSA SEM,BX_IT,Rosaceae,Rosa,sempervirens,L.,Rosa sempervirens,
ROSARVE,BX_AT,Rosaceae,Rosa,arvensis,Hudson,Rosa arvensis,
ROSPEND,BX_AT,Rosaceae,Rosa,pendulina,L.,Rosa pendulina,
RUBHIRT,BX_AT,Rosaceae,Rubus,hirtus,Waldst. & Kit.,Rubus hirtus,
RUBI PER,BX_IT,Rubiaceae,Rubia,peregrina,L.,Rubia peregrina,
RUBU ARC,B4,,,,,Rubus arcticus,
RUBU CAE,B4,,,,,Rubus caesius,
RUBU CHM,B4,,,,,Rubus chamaemorus,
RUBU IDA,B4,,,,,Rubus idaeus,
RUBU SAX,B4,,,,,Rubus saxatilis,
RUBU ULM,B4,,,,,Rubus ulmifolius,
RUBU/COR,B4,,,,,Rubus corylifolius COLL,
RUBU/FRU,B4,,,,,Rubus fruticosus COLL,
RUBUBIFR,BX_AT,,,,,RUBUS BIFRONS,
RUBUS  Z,B4,,,,,RUBUS SP.,
RUME ALA,B4,,,,,Rumex acetosella,
RUME ASA,B4,,,,,Rumex acetosa,
RUME OBT,B4,,,,,Rumex obtusifolius,
RUSC ACU,B4,Liliaceae,Ruscus,aculeatus,L.,Ruscus aculeatus,
RUSC ACU,BX_IT,Liliaceae,Ruscus,aculeatus,L.,Ruscus aculeatus,
SALAPPE,BX_AT,,,,,Salix appendiculata,
SALGLAB,BX_AT,,,,,Salix glabra,
SALI AUR,B4,,,,,Salix aurita,
SALI CAP,B4,,,,,Salix caprea,
SALI CIN,B4,,,,,Salix cinerea,
SALI GAU,B4,,,,,Salix glauca,
SALI LAP,B4,,,,,Salix lapponum,
SALI MFL,B4,,,,,Salix myrsinifolia,
SALI PHY,B4,,,,,Salix phylicifolia,
SALI SIL,BX_PO,,,,,Salix silesiaca,
SALIX  Z,B4,,,,,SALIX SP.,
SALV GLU,B4,,,,,Salvia glutinosa,
SAMB NIG,B4,,,,,Sambucus nigra,
SAMB RAC,B4,,,,,Sambucus racemosa,
SANI EUR,B4,,,,,Sanicula europaea,
SAXI CUN,BX_IT,Saxifragaceae,Saxifraga,cuneifolia,L.,Saxifraga cuneifolia,
SAXI HIR,B4,,,,,Saxifraga hirculus,
SCALUCI,BX_AT,,,,,Scabiosa lucida,
SCHE PAL,B4,,,,,Scheuchzeria palustris,
SCIL BIF,B4,,,,,Scilla bifolia,
SCIL LIL,B4,,,,,,eine Scilla Art
SCIR CES,B4,,,,,Scirpus cespitosus,
SCIR SYL,B4,,,,,Scirpus sylvaticus,
SCRO ALP,B4,,,,,,Art unbekannt
SCRO NOD,B4,,,,,Scrophularia nodosa,
SCUT COL,BX_IT,Labiatae,Scutellaria,columnae,All.,Scutellaria columnae,
SEDU CEP,BX_IT,Crassulaceae,Sedum,cepaea,L.,Sedum cepaea,
SELA SEL,B4,,,,,Selaginella selaginoides,
SENE FUC,B4,,,,,Senecio fuchsii,
SENE NEM,B4,,,,,Senecio nemorensis,
SENE SYL,B4,,,,,Senecio sylvaticus,
SENGEGL,BX_AT,,,,,Senecio germanicus ssp. glabratus,
SENSUBA,BX_AT,,,,,Senecio subalpinus,
SERR TIN,B4,,,,,Serratula tinctoria,
SESL ALB,B4,,,,,Sesleria albicans,
SILE DIO,B4,,,,,Silene dioica,
SILE ITA,B4,,,,,Silene italica,
SILE VIR,BX_IT,Caryophyllaceae,Silene,viridiflora,L.,Silene viridiflora,
SILE VUL,B4,,,,,Silene vulgaris,
SMIL ASP,BX_IT,Liliaceae,Smilax,aspera,L.,Smilax aspera,
SO AU.AU,B4,,,,,Sorbus aucuparia ssp. aucuparia,
SO VI.VI,B4,,,,,Solidago virgaurea ssp. virgaurea,
SOLA DUL,B4,,,,,Solanum dulcamara,
SOLD CAR,BX_PO,,,,,Soldanella carpatica,
SOLD MON,B4,,,,,Soldanella montana,
SOLI VIR,B4,,,,,Solidago virgaurea,
SORAUST,BX_AT,,,,,Sorbus austriaca,
SORB ARI,B4,,,,,Sorbus aria,
SORB AUC,B4,,,,,Sorbus aucuparia,
SORB DOM,BX_IT,Rosaceae,Sorbus,domestica,L.,Sorbus domestica,
SORB INT,B4,,,,,Sorbus intermedia,
SORB TOR,B4,,,,,Sorbus torminalis,
STAC OFF,B4,,,,,Stachys officinalis,
STAC PAL,B4,,,,,Stachys palustris,
STAC SYL,B4,,,,,Stachys sylvatica,
STEL ALS,B4,,,,,Stellaria alsine,
STEL GRA,B4,,,,,Stellaria graminea,
STEL MED,B4,,,,,Stellaria media,
STEL NEM,B4,,,,,Stellaria nemorum,
STEL ULI,B4,,,,,Stellaria uliginosa,
STREAMPL,BX_PO,,,,,Streptopus amplexifolius,
SYMTUBE,BX_AT,Boraginaceae,Symphytum,tuberosum,L.,Symphytum tuberosum,
T/OFFICI,B4,,,,,Taraxacum officinale COLL,
TAMU COM,BX_IT,Dioscoreaceae,Tamus,communis,L.,Tamus communis,
TANA COR,B4,,,,,Tanacetum corymbosum,
TARAXACZ,B4,,,,,TARAXACUM SP.,
TAXU BAC,B4,,,,,Taxus baccata,
TEUC CHA,B4,,,,,Teucrium chamaedrys,
TEUC SBI,B4,,,,,,
TEUC SDO,B4,,,,,Teucrium scorodonia,
TEUC SIC,BX_IT,,,,,,Art unbekannt
THAL AQU,B4,,,,,Thalictrum aquilegifolium,
THEL LIM,B4,,,,,Thelypteris limbosperma,
THEL PHE,B4,,,,,Thelypteris phegopteris,
THES ALP,B4,,,,,Thesium alpinum,
THESIUM Z,B4,,,,,Thesium sp.,Code anders in B4
THYM PRA,B4,,,,,Thymus praecox,
TILI COR,B4,,,,,Tilia cordata,
TOFI CAL,B4,,,,,Tofieldia calyculata,
TRIALPE,BX_AT,,,,,Trisetum alpestre,
TRIE EUR,B4,,,,,Trientalis europaea,
TRIF HYB,B4,,,,,Trifolium hybridum,
TRIF OCH,BX_IT,Leguminosae,Trifolium,ochroleucon,Hudson,Trifolium ochroleucon,
TRIF PRA,B4,,,,,Trifolium pratense,
TRIF REP,B4,,,,,Trifolium repens,
TRIS FLA,B4,,,,,Trisetum flavescens,
TROC NOD,BX_IT,Umbelliferae,Trochiscanthes,nodiflora,(Vill.) Koch,Trochiscanthes nodiflora,
TROL EUR,B4,,,,,Trollius europaeus,
TUSS FAR,B4,,,,,Tussilago farfara,
ULEX GAL,B4,,,,,Ulex gallii,nicht in B4
ULMU GLA,B4,,,,,Ulmus glabra,
ULMU MIN,B4,,,,,Ulmus minor,
URTI DIO,B4,,,,,Urtica dioica,
VACC MIC,B4,,,,,Vaccinium microcarpum,
VACC MYR,B4,,,,,Vaccinium myrtillus,
VACC OXY,B4,,,,,Vaccinium oxycoccos,
VACC ULI,B4,,,,,Vaccinium uliginosum,
VACC VIT,B4,,,,,Vaccinium vitis-idaea,
VALE TRI,BX_IT,Valerianaceae,Valeriana,tripteris,L.,Valeriana tripteris,
VALEECAR,BX_AT,,,,,Valerianella carinata,
VALMONT,BX_AT,,,,,Valeriana montana,
VALSAXA,BX_AT,,,,,Valeriana saxatilis,
VALWALL,BX_AT,,,,,Valeriana wallrothii,
VE SE.SE,B4,,,,,Veronica serpyllifolia ssp. serpyllifolia,
VERA ALB,B4,,,,,Veratrum album,
VERB OFF,B4,,,,,Verbena officinalis,
VERB THA,B4,,,,,Verbascum thapsus,
VERO CHA,B4,,,,,Veronica chamaedrys,
VERO MON,B4,,,,,Veronica montana,
VERO OFF,B4,,,,,Veronica officinalis,
VERO SCU,B4,,,,,Veronica scutellata,
VERO URT,BX_IT,Scrophulariaceae,Veronica,urticifolia,Jacq.,Veronica urticifolia,
VERONICZ,B4,,,,,VERONICA SP.,
VEROVIND,BX_AT,,,,,VERONICA VINDOBONENSIS,
VIBU LAN,B4,,,,,Viburnum lantana,
VIBU OPU,B4,,,,,Viburnum opulus,
VIBU TIN,BX_IT,Caprifoliaceae,Viburnum,tinus,L.,Viburnum tinus,
VICI CRA,B4,,,,,Vicia cracca,
VICI SEP,B4,,,,,Vicia sepium,
VICIA  Z,B4,,,,,VICIA SP.,
VINC HIR,B4,,,,,Vincetoxicum hirundinaria,
VINC MIN,B4,,,,,Vinca minor,
VIOL ALB,B4,,,,,Viola alba,
VIOL BIF,B4,,,,,Viola biflora,
VIOL HIR,B4,,,,,Viola hirta,
VIOL MIR,B4,,,,,Viola mirabilis,
VIOL ODO,B4,,,,,Viola odorata,
VIOL PAL,B4,,,,,Viola palustris,
VIOL REI,B4,,,,,Viola reichenbachiana,
VIOL RIV,B4,,,,,Viola riviniana,
VIOLA  Z,B4,,,,,VIOLA SP.,
VISC ALB,B4,,,,,Viscum album,
VISCUM Z,B4,,,,,VISCUM SP.,
VITI VIN,BX_IT,Vitaceae,Vitis,vinifera,L.,Vitis vinifera,
